<application>
  <component name="MaterialThemeConfig">
    <option name="isWizardShown" value="true" />
    <option name="pristineConfig" value="false" />
    <option name="tabFontSizeEnabled" value="true" />
    <option name="accentColor" value="2979ff" />
    <option name="highlightColor" value="80cbc4" />
    <option name="selectedTheme" value="ONE_DARK" />
    <option name="userId" value="52622c84:167a829e387:-8000" />
    <option name="version" value="5.2.0" />
  </component>
</application>