<code_scheme name="Default copy" version="173">
  <option name="LINE_SEPARATOR" value="&#10;" />
  <PHPCodeStyleSettings>
    <option name="THROWS_WEIGHT" value="1" />
    <option name="RETURN_WEIGHT" value="2" />
    <option name="LOWER_CASE_BOOLEAN_CONST" value="true" />
    <option name="SPACE_AFTER_UNARY_NOT" value="true" />
  </PHPCodeStyleSettings>
  <XML>
    <option name="XML_LEGACY_SETTINGS_IMPORTED" value="true" />
  </XML>
  <codeStyleSettings language="PHP">
    <option name="BLANK_LINES_BEFORE_PACKAGE" value="0" />
    <option name="SPACE_AFTER_TYPE_CAST" value="true" />
  </codeStyleSettings>
</code_scheme>