<application>
  <component name="MaterialThemeConfig">
    <option name="isMaterialDesign" value="false" />
    <option name="isWizardShown" value="true" />
    <option name="pristineConfig" value="false" />
    <option name="tabFontSizeEnabled" value="true" />
    <option name="settingsSelectedTab" value="1" />
    <option name="accentColor" value="2979ff" />
    <option name="selectedTheme" value="ONE_DARK" />
    <option name="userId" value="4480c505:16dd270d92a:-8000" />
    <option name="version" value="5.2.0" />
  </component>
</application>