<application>
  <component name="NotificationConfiguration" showBalloons="false" systemNotifications="false">
    <notification groupId="Docker: Dockerfile detection" displayType="NONE" shouldLog="false" />
    <notification groupId="IDE and Plugin Updates" displayType="STICKY_BALLOON" shouldLog="false" />
    <notification groupId="Vcs Important Messages" displayType="STICKY_BALLOON" shouldLog="false" />
    <notification groupId="Vcs Messages" displayType="TOOL_WINDOW" shouldLog="false" />
    <notification groupId="Vcs Notifications" shouldLog="false" />
    <notification groupId="Vcs Silent Notifications" displayType="NONE" shouldLog="false" />
  </component>
</application>